generation,best_fitness,average_fitness,min_fitness,best_individual_parameter_size,best_individual
0,42.402347564697266,39.905917167663574,36.22232437133789,18019,"[3, 3, 0, 2, 4, 3, 3, 2, 3, 2, 4, 1, 4, 1, 2, 1, 0, 4, 2, 4, 4, 1]"
1,42.402347564697266,41.70053768157959,40.79303741455078,18019,"[3, 3, 0, 2, 4, 3, 3, 2, 3, 2, 4, 1, 4, 1, 2, 1, 0, 4, 2, 4, 4, 1]"
